TcvrId,TcvrLaneIdList,PimId,AccessControllerId,AccessControlType,ResetPath,ResetMask,ResetHoldHi,PresentPath,PresentMask,PresentHoldHi,IoControllerId,IoControlType,IoPath,LedId,LedBluePath,LedYellowPath
1,1 2 3 4 5 6 7 8,1,1,CPLD,/run/devmap/xcvrs/xcvr_ctrl_1/xcvr_reset_1,1,0,/run/devmap/xcvrs/xcvr_ctrl_1/xcvr_present_1,1,0,1,I2C,/run/devmap/xcvrs/xcvr_io_1,,,,
2,1 2 3 4 5 6 7 8,1,2,CPLD,/run/devmap/xcvrs/xcvr_ctrl_2/xcvr_reset_2,1,0,/run/devmap/xcvrs/xcvr_ctrl_2/xcvr_present_2,1,0,2,I2C,/run/devmap/xcvrs/xcvr_io_2,,,,
3,1 2 3 4 5 6 7 8,1,3,CPLD,/run/devmap/xcvrs/xcvr_ctrl_3/xcvr_reset_3,1,0,/run/devmap/xcvrs/xcvr_ctrl_3/xcvr_present_3,1,0,3,I2C,/run/devmap/xcvrs/xcvr_io_3,,,,
4,1 2 3 4 5 6 7 8,1,4,CPLD,/run/devmap/xcvrs/xcvr_ctrl_4/xcvr_reset_4,1,0,/run/devmap/xcvrs/xcvr_ctrl_4/xcvr_present_4,1,0,4,I2C,/run/devmap/xcvrs/xcvr_io_4,,,,
5,1 2 3 4 5 6 7 8,1,5,CPLD,/run/devmap/xcvrs/xcvr_ctrl_5/xcvr_reset_5,1,0,/run/devmap/xcvrs/xcvr_ctrl_5/xcvr_present_5,1,0,5,I2C,/run/devmap/xcvrs/xcvr_io_5,,,,
6,1 2 3 4 5 6 7 8,1,6,CPLD,/run/devmap/xcvrs/xcvr_ctrl_6/xcvr_reset_6,1,0,/run/devmap/xcvrs/xcvr_ctrl_6/xcvr_present_6,1,0,6,I2C,/run/devmap/xcvrs/xcvr_io_6,,,,
7,1 2 3 4 5 6 7 8,1,7,CPLD,/run/devmap/xcvrs/xcvr_ctrl_7/xcvr_reset_7,1,0,/run/devmap/xcvrs/xcvr_ctrl_7/xcvr_present_7,1,0,7,I2C,/run/devmap/xcvrs/xcvr_io_7,,,,
8,1 2 3 4 5 6 7 8,1,8,CPLD,/run/devmap/xcvrs/xcvr_ctrl_8/xcvr_reset_8,1,0,/run/devmap/xcvrs/xcvr_ctrl_8/xcvr_present_8,1,0,8,I2C,/run/devmap/xcvrs/xcvr_io_8,,,,
9,1 2 3 4 5 6 7 8,1,9,CPLD,/run/devmap/xcvrs/xcvr_ctrl_9/xcvr_reset_9,1,0,/run/devmap/xcvrs/xcvr_ctrl_9/xcvr_present_9,1,0,9,I2C,/run/devmap/xcvrs/xcvr_io_9,,,,
10,1 2 3 4 5 6 7 8,1,10,CPLD,/run/devmap/xcvrs/xcvr_ctrl_10/xcvr_reset_10,1,0,/run/devmap/xcvrs/xcvr_ctrl_10/xcvr_present_10,1,0,10,I2C,/run/devmap/xcvrs/xcvr_io_10,,,,
11,1 2 3 4 5 6 7 8,1,11,CPLD,/run/devmap/xcvrs/xcvr_ctrl_11/xcvr_reset_11,1,0,/run/devmap/xcvrs/xcvr_ctrl_11/xcvr_present_11,1,0,11,I2C,/run/devmap/xcvrs/xcvr_io_11,,,,
12,1 2 3 4 5 6 7 8,1,12,CPLD,/run/devmap/xcvrs/xcvr_ctrl_12/xcvr_reset_12,1,0,/run/devmap/xcvrs/xcvr_ctrl_12/xcvr_present_12,1,0,12,I2C,/run/devmap/xcvrs/xcvr_io_12,,,,
13,1 2 3 4 5 6 7 8,1,13,CPLD,/run/devmap/xcvrs/xcvr_ctrl_13/xcvr_reset_13,1,0,/run/devmap/xcvrs/xcvr_ctrl_13/xcvr_present_13,1,0,13,I2C,/run/devmap/xcvrs/xcvr_io_13,,,,
14,1 2 3 4 5 6 7 8,1,14,CPLD,/run/devmap/xcvrs/xcvr_ctrl_14/xcvr_reset_14,1,0,/run/devmap/xcvrs/xcvr_ctrl_14/xcvr_present_14,1,0,14,I2C,/run/devmap/xcvrs/xcvr_io_14,,,,
15,1 2 3 4 5 6 7 8,1,15,CPLD,/run/devmap/xcvrs/xcvr_ctrl_15/xcvr_reset_15,1,0,/run/devmap/xcvrs/xcvr_ctrl_15/xcvr_present_15,1,0,15,I2C,/run/devmap/xcvrs/xcvr_io_15,,,,
16,1 2 3 4 5 6 7 8,1,16,CPLD,/run/devmap/xcvrs/xcvr_ctrl_16/xcvr_reset_16,1,0,/run/devmap/xcvrs/xcvr_ctrl_16/xcvr_present_16,1,0,16,I2C,/run/devmap/xcvrs/xcvr_io_16,,,,
17,1 2 3 4 5 6 7 8,1,17,CPLD,/run/devmap/xcvrs/xcvr_ctrl_17/xcvr_reset_17,1,0,/run/devmap/xcvrs/xcvr_ctrl_17/xcvr_present_17,1,0,17,I2C,/run/devmap/xcvrs/xcvr_io_17,,,,
18,1 2 3 4 5 6 7 8,1,18,CPLD,/run/devmap/xcvrs/xcvr_ctrl_18/xcvr_reset_18,1,0,/run/devmap/xcvrs/xcvr_ctrl_18/xcvr_present_18,1,0,18,I2C,/run/devmap/xcvrs/xcvr_io_18,,,,
19,1 2 3 4 5 6 7 8,1,19,CPLD,/run/devmap/xcvrs/xcvr_ctrl_19/xcvr_reset_19,1,0,/run/devmap/xcvrs/xcvr_ctrl_19/xcvr_present_19,1,0,19,I2C,/run/devmap/xcvrs/xcvr_io_19,,,,
20,1 2 3 4 5 6 7 8,1,20,CPLD,/run/devmap/xcvrs/xcvr_ctrl_20/xcvr_reset_20,1,0,/run/devmap/xcvrs/xcvr_ctrl_20/xcvr_present_20,1,0,20,I2C,/run/devmap/xcvrs/xcvr_io_20,,,,
21,1 2 3 4 5 6 7 8,1,21,CPLD,/run/devmap/xcvrs/xcvr_ctrl_21/xcvr_reset_21,1,0,/run/devmap/xcvrs/xcvr_ctrl_21/xcvr_present_21,1,0,21,I2C,/run/devmap/xcvrs/xcvr_io_21,,,,
22,1 2 3 4 5 6 7 8,1,22,CPLD,/run/devmap/xcvrs/xcvr_ctrl_22/xcvr_reset_22,1,0,/run/devmap/xcvrs/xcvr_ctrl_22/xcvr_present_22,1,0,22,I2C,/run/devmap/xcvrs/xcvr_io_22,,,,
23,1 2 3 4 5 6 7 8,1,23,CPLD,/run/devmap/xcvrs/xcvr_ctrl_23/xcvr_reset_23,1,0,/run/devmap/xcvrs/xcvr_ctrl_23/xcvr_present_23,1,0,23,I2C,/run/devmap/xcvrs/xcvr_io_23,,,,
24,1 2 3 4 5 6 7 8,1,24,CPLD,/run/devmap/xcvrs/xcvr_ctrl_24/xcvr_reset_24,1,0,/run/devmap/xcvrs/xcvr_ctrl_24/xcvr_present_24,1,0,24,I2C,/run/devmap/xcvrs/xcvr_io_24,,,,
25,1 2 3 4 5 6 7 8,1,25,CPLD,/run/devmap/xcvrs/xcvr_ctrl_25/xcvr_reset_25,1,0,/run/devmap/xcvrs/xcvr_ctrl_25/xcvr_present_25,1,0,25,I2C,/run/devmap/xcvrs/xcvr_io_25,,,,
26,1 2 3 4 5 6 7 8,1,26,CPLD,/run/devmap/xcvrs/xcvr_ctrl_26/xcvr_reset_26,1,0,/run/devmap/xcvrs/xcvr_ctrl_26/xcvr_present_26,1,0,26,I2C,/run/devmap/xcvrs/xcvr_io_26,,,,
27,1 2 3 4 5 6 7 8,1,27,CPLD,/run/devmap/xcvrs/xcvr_ctrl_27/xcvr_reset_27,1,0,/run/devmap/xcvrs/xcvr_ctrl_27/xcvr_present_27,1,0,27,I2C,/run/devmap/xcvrs/xcvr_io_27,,,,
28,1 2 3 4 5 6 7 8,1,28,CPLD,/run/devmap/xcvrs/xcvr_ctrl_28/xcvr_reset_28,1,0,/run/devmap/xcvrs/xcvr_ctrl_28/xcvr_present_28,1,0,28,I2C,/run/devmap/xcvrs/xcvr_io_28,,,,
29,1 2 3 4 5 6 7 8,1,29,CPLD,/run/devmap/xcvrs/xcvr_ctrl_29/xcvr_reset_29,1,0,/run/devmap/xcvrs/xcvr_ctrl_29/xcvr_present_29,1,0,29,I2C,/run/devmap/xcvrs/xcvr_io_29,,,,
30,1 2 3 4 5 6 7 8,1,30,CPLD,/run/devmap/xcvrs/xcvr_ctrl_30/xcvr_reset_30,1,0,/run/devmap/xcvrs/xcvr_ctrl_30/xcvr_present_30,1,0,30,I2C,/run/devmap/xcvrs/xcvr_io_30,,,,
31,1 2 3 4 5 6 7 8,1,31,CPLD,/run/devmap/xcvrs/xcvr_ctrl_31/xcvr_reset_31,1,0,/run/devmap/xcvrs/xcvr_ctrl_31/xcvr_present_31,1,0,31,I2C,/run/devmap/xcvrs/xcvr_io_31,,,,
32,1 2 3 4 5 6 7 8,1,32,CPLD,/run/devmap/xcvrs/xcvr_ctrl_32/xcvr_reset_32,1,0,/run/devmap/xcvrs/xcvr_ctrl_32/xcvr_present_32,1,0,32,I2C,/run/devmap/xcvrs/xcvr_io_32,,,,
33,1 2 3 4 5 6 7 8,1,33,CPLD,/run/devmap/xcvrs/xcvr_ctrl_33/xcvr_reset_33,1,0,/run/devmap/xcvrs/xcvr_ctrl_33/xcvr_present_33,1,0,33,I2C,/run/devmap/xcvrs/xcvr_io_33,,,,
34,1 2 3 4 5 6 7 8,1,34,CPLD,/run/devmap/xcvrs/xcvr_ctrl_34/xcvr_reset_34,1,0,/run/devmap/xcvrs/xcvr_ctrl_34/xcvr_present_34,1,0,34,I2C,/run/devmap/xcvrs/xcvr_io_34,,,,
35,1 2 3 4 5 6 7 8,1,35,CPLD,/run/devmap/xcvrs/xcvr_ctrl_35/xcvr_reset_35,1,0,/run/devmap/xcvrs/xcvr_ctrl_35/xcvr_present_35,1,0,35,I2C,/run/devmap/xcvrs/xcvr_io_35,,,,
36,1 2 3 4 5 6 7 8,1,36,CPLD,/run/devmap/xcvrs/xcvr_ctrl_36/xcvr_reset_36,1,0,/run/devmap/xcvrs/xcvr_ctrl_36/xcvr_present_36,1,0,36,I2C,/run/devmap/xcvrs/xcvr_io_36,,,,
37,1 2 3 4 5 6 7 8,1,37,CPLD,/run/devmap/xcvrs/xcvr_ctrl_37/xcvr_reset_37,1,0,/run/devmap/xcvrs/xcvr_ctrl_37/xcvr_present_37,1,0,37,I2C,/run/devmap/xcvrs/xcvr_io_37,,,,
38,1 2 3 4 5 6 7 8,1,38,CPLD,/run/devmap/xcvrs/xcvr_ctrl_38/xcvr_reset_38,1,0,/run/devmap/xcvrs/xcvr_ctrl_38/xcvr_present_38,1,0,38,I2C,/run/devmap/xcvrs/xcvr_io_38,,,,
39,1 2 3 4 5 6 7 8,1,39,CPLD,/run/devmap/xcvrs/xcvr_ctrl_39/xcvr_reset_39,1,0,/run/devmap/xcvrs/xcvr_ctrl_39/xcvr_present_39,1,0,39,I2C,/run/devmap/xcvrs/xcvr_io_39,,,,
40,1 2 3 4 5 6 7 8,1,40,CPLD,/run/devmap/xcvrs/xcvr_ctrl_40/xcvr_reset_40,1,0,/run/devmap/xcvrs/xcvr_ctrl_40/xcvr_present_40,1,0,40,I2C,/run/devmap/xcvrs/xcvr_io_40,,,,
41,1 2 3 4 5 6 7 8,1,41,CPLD,/run/devmap/xcvrs/xcvr_ctrl_41/xcvr_reset_41,1,0,/run/devmap/xcvrs/xcvr_ctrl_41/xcvr_present_41,1,0,41,I2C,/run/devmap/xcvrs/xcvr_io_41,,,,
42,1 2 3 4 5 6 7 8,1,42,CPLD,/run/devmap/xcvrs/xcvr_ctrl_42/xcvr_reset_42,1,0,/run/devmap/xcvrs/xcvr_ctrl_42/xcvr_present_42,1,0,42,I2C,/run/devmap/xcvrs/xcvr_io_42,,,,
43,1 2 3 4 5 6 7 8,1,43,CPLD,/run/devmap/xcvrs/xcvr_ctrl_43/xcvr_reset_43,1,0,/run/devmap/xcvrs/xcvr_ctrl_43/xcvr_present_43,1,0,43,I2C,/run/devmap/xcvrs/xcvr_io_43,,,,
44,1 2 3 4 5 6 7 8,1,44,CPLD,/run/devmap/xcvrs/xcvr_ctrl_44/xcvr_reset_44,1,0,/run/devmap/xcvrs/xcvr_ctrl_44/xcvr_present_44,1,0,44,I2C,/run/devmap/xcvrs/xcvr_io_44,,,,
45,1 2 3 4 5 6 7 8,1,45,CPLD,/run/devmap/xcvrs/xcvr_ctrl_45/xcvr_reset_45,1,0,/run/devmap/xcvrs/xcvr_ctrl_45/xcvr_present_45,1,0,45,I2C,/run/devmap/xcvrs/xcvr_io_45,,,,
46,1 2 3 4 5 6 7 8,1,46,CPLD,/run/devmap/xcvrs/xcvr_ctrl_46/xcvr_reset_46,1,0,/run/devmap/xcvrs/xcvr_ctrl_46/xcvr_present_46,1,0,46,I2C,/run/devmap/xcvrs/xcvr_io_46,,,,
47,1 2 3 4 5 6 7 8,1,47,CPLD,/run/devmap/xcvrs/xcvr_ctrl_47/xcvr_reset_47,1,0,/run/devmap/xcvrs/xcvr_ctrl_47/xcvr_present_47,1,0,47,I2C,/run/devmap/xcvrs/xcvr_io_47,,,,
48,1 2 3 4 5 6 7 8,1,48,CPLD,/run/devmap/xcvrs/xcvr_ctrl_48/xcvr_reset_48,1,0,/run/devmap/xcvrs/xcvr_ctrl_48/xcvr_present_48,1,0,48,I2C,/run/devmap/xcvrs/xcvr_io_48,,,,
49,1 2 3 4 5 6 7 8,1,49,CPLD,/run/devmap/xcvrs/xcvr_ctrl_49/xcvr_reset_49,1,0,/run/devmap/xcvrs/xcvr_ctrl_49/xcvr_present_49,1,0,49,I2C,/run/devmap/xcvrs/xcvr_io_49,,,,
50,1 2 3 4 5 6 7 8,1,50,CPLD,/run/devmap/xcvrs/xcvr_ctrl_50/xcvr_reset_50,1,0,/run/devmap/xcvrs/xcvr_ctrl_50/xcvr_present_50,1,0,50,I2C,/run/devmap/xcvrs/xcvr_io_50,,,,
51,1 2 3 4 5 6 7 8,1,51,CPLD,/run/devmap/xcvrs/xcvr_ctrl_51/xcvr_reset_51,1,0,/run/devmap/xcvrs/xcvr_ctrl_51/xcvr_present_51,1,0,51,I2C,/run/devmap/xcvrs/xcvr_io_51,,,,
52,1 2 3 4 5 6 7 8,1,52,CPLD,/run/devmap/xcvrs/xcvr_ctrl_52/xcvr_reset_52,1,0,/run/devmap/xcvrs/xcvr_ctrl_52/xcvr_present_52,1,0,52,I2C,/run/devmap/xcvrs/xcvr_io_52,,,,
53,1 2 3 4 5 6 7 8,1,53,CPLD,/run/devmap/xcvrs/xcvr_ctrl_53/xcvr_reset_53,1,0,/run/devmap/xcvrs/xcvr_ctrl_53/xcvr_present_53,1,0,53,I2C,/run/devmap/xcvrs/xcvr_io_53,,,,
54,1 2 3 4 5 6 7 8,1,54,CPLD,/run/devmap/xcvrs/xcvr_ctrl_54/xcvr_reset_54,1,0,/run/devmap/xcvrs/xcvr_ctrl_54/xcvr_present_54,1,0,54,I2C,/run/devmap/xcvrs/xcvr_io_54,,,,
55,1 2 3 4 5 6 7 8,1,55,CPLD,/run/devmap/xcvrs/xcvr_ctrl_55/xcvr_reset_55,1,0,/run/devmap/xcvrs/xcvr_ctrl_55/xcvr_present_55,1,0,55,I2C,/run/devmap/xcvrs/xcvr_io_55,,,,
56,1 2 3 4 5 6 7 8,1,56,CPLD,/run/devmap/xcvrs/xcvr_ctrl_56/xcvr_reset_56,1,0,/run/devmap/xcvrs/xcvr_ctrl_56/xcvr_present_56,1,0,56,I2C,/run/devmap/xcvrs/xcvr_io_56,,,,
57,1 2 3 4 5 6 7 8,1,57,CPLD,/run/devmap/xcvrs/xcvr_ctrl_57/xcvr_reset_57,1,0,/run/devmap/xcvrs/xcvr_ctrl_57/xcvr_present_57,1,0,57,I2C,/run/devmap/xcvrs/xcvr_io_57,,,,
58,1 2 3 4 5 6 7 8,1,58,CPLD,/run/devmap/xcvrs/xcvr_ctrl_58/xcvr_reset_58,1,0,/run/devmap/xcvrs/xcvr_ctrl_58/xcvr_present_58,1,0,58,I2C,/run/devmap/xcvrs/xcvr_io_58,,,,
59,1 2 3 4 5 6 7 8,1,59,CPLD,/run/devmap/xcvrs/xcvr_ctrl_59/xcvr_reset_59,1,0,/run/devmap/xcvrs/xcvr_ctrl_59/xcvr_present_59,1,0,59,I2C,/run/devmap/xcvrs/xcvr_io_59,,,,
60,1 2 3 4 5 6 7 8,1,60,CPLD,/run/devmap/xcvrs/xcvr_ctrl_60/xcvr_reset_60,1,0,/run/devmap/xcvrs/xcvr_ctrl_60/xcvr_present_60,1,0,60,I2C,/run/devmap/xcvrs/xcvr_io_60,,,,
61,1 2 3 4 5 6 7 8,1,61,CPLD,/run/devmap/xcvrs/xcvr_ctrl_61/xcvr_reset_61,1,0,/run/devmap/xcvrs/xcvr_ctrl_61/xcvr_present_61,1,0,61,I2C,/run/devmap/xcvrs/xcvr_io_61,,,,
62,1 2 3 4 5 6 7 8,1,62,CPLD,/run/devmap/xcvrs/xcvr_ctrl_62/xcvr_reset_62,1,0,/run/devmap/xcvrs/xcvr_ctrl_62/xcvr_present_62,1,0,62,I2C,/run/devmap/xcvrs/xcvr_io_62,,,,
63,1 2 3 4 5 6 7 8,1,63,CPLD,/run/devmap/xcvrs/xcvr_ctrl_63/xcvr_reset_63,1,0,/run/devmap/xcvrs/xcvr_ctrl_63/xcvr_present_63,1,0,63,I2C,/run/devmap/xcvrs/xcvr_io_63,,,,
64,1 2 3 4 5 6 7 8,1,64,CPLD,/run/devmap/xcvrs/xcvr_ctrl_64/xcvr_reset_64,1,0,/run/devmap/xcvrs/xcvr_ctrl_64/xcvr_present_64,1,0,64,I2C,/run/devmap/xcvrs/xcvr_io_64,,,,
